{
  "precision": 0.5964595676793697,
  "recall": 0.9562866909518384,
  "f1": 0.734680689896469,
  "support_pos": 3600002,
  "support_total": 6276854,
  "confusion_matrix": [
    [
      347705,
      2329147
    ],
    [
      157368,
      3442634
    ]
  ],
  "classification_report": "              precision    recall  f1-score   support\n\n           0      0.688     0.130     0.219   2676852\n           1      0.596     0.956     0.735   3600002\n\n    accuracy                          0.604   6276854\n   macro avg      0.642     0.543     0.477   6276854\nweighted avg      0.636     0.604     0.515   6276854\n",
  "proba_head": [
    0.5197815878533291,
    0.4914805514095424,
    0.5602304030640788,
    0.5299656427863523,
    0.5992337506041834,
    0.6135087719615838,
    0.5417655854292556,
    0.5284701740975255,
    0.5223621695757162,
    0.4906695925955427
  ]
}